<?xml version="1.0" encoding="UTF-8"?>
<!DOCTYPE configuration
  PUBLIC "-//mybatis.org//DTD Config 3.0//EN"
  "http://mybatis.org/dtd/mybatis-3-config.dtd">

<configuration>
	<environments default="development">
		<environment id="development">
			<transactionManager type="JDBC"/>
			<dataSource type="POOLED">
				<property name="driver" value="net.sf.log4jdbc.sql.jdbcapi.DriverSpy"/>
				<property name="url" value="jdbc:log4jdbc:mysql://localhost:3306/prj?useUnicode=true&amp;characterEncoding=utf-8&amp;serverTimezone=UTC&amp;useSSL=false"/>
				<property name="username" value="springuser"/>
				<property name="password" value="spring"/>
			</dataSource>
			
		</environment>
	</environments>
</configuration>